{"name":"38c76956-3f98-48d1-8bc2-33ccbed04b9b","id":"/providers/Microsoft.Flow/flows/38c76956-3f98-48d1-8bc2-33ccbed04b9b","type":"Microsoft.Flow/flows","properties":{"apiId":"/providers/Microsoft.PowerApps/apis/shared_logicflows","displayName":"CurrencyRateExchanging","definition":{"metadata":{"workflowEntityId":null,"processAdvisorMetadata":null,"flowChargedByPaygo":null,"flowclientsuspensionreason":"None","flowclientsuspensiontime":null,"flowclientsuspensionreasondetails":null,"creator":{"id":"e4be1980-b114-4675-acfc-49558281d3a8","type":"User","tenantId":"47738abe-da8e-4be9-b384-ab41686415ba"},"provisioningMethod":"FromDefinition","failureAlertSubscription":true,"clientLastModifiedTime":"2025-09-25T15:03:42.1808351Z","connectionKeySavedTimeKey":"2025-09-25T15:03:42.1808351Z","creationSource":"Portal","modifiedSources":"Portal"},"$schema":"https://schema.management.azure.com/providers/Microsoft.Logic/schemas/2016-06-01/workflowdefinition.json#","contentVersion":"undefined","parameters":{"$authentication":{"defaultValue":{},"type":"SecureObject"},"$connections":{"defaultValue":{},"type":"Object"}},"triggers":{"Recurrence":{"recurrence":{"frequency":"Day","interval":"1","startTime":"2025-09-24T14:00:00.000Z"},"type":"Recurrence"}},"actions":{"HTTP":{"runAfter":{},"type":"Http","inputs":{"uri":"http://api.exchangerate.host/live?access_key=2697329d911d6965142889ba00b3ba6a","method":"GET"},"runtimeConfiguration":{"contentTransfer":{"transferMode":"Chunked"}}},"Parse_JSON":{"runAfter":{"HTTP":["Succeeded"]},"type":"ParseJson","inputs":{"content":"@body('HTTP')","schema":{"type":"object","properties":{"success":{"type":["boolean","null"]},"terms":{"type":["string","null"]},"privacy":{"type":["string","null"]},"timestamp":{"type":["number","null"]},"source":{"type":["string","null"]},"quotes":{"type":["object","null"],"properties":{"USDCAD":{"type":["number","string","null"]}},"additionalProperties":true},"error":{"type":["object","null"],"additionalProperties":true}},"additionalProperties":true}}},"Compose(GetRateFromParseJSON)":{"runAfter":{"Parse_JSON":["Succeeded"]},"type":"Compose","inputs":"@float(coalesce(body('Parse_JSON')?['quotes']?['USDCAD'], 0))\r\n"},"cmpTodayLocal":{"runAfter":{"Compose(GetRateFromParseJSON)":["Succeeded"]},"type":"Compose","inputs":"@formatDateTime(convertTimeZone(utcNow(),'UTC','Eastern Standard Time'),'yyyy-MM-dd')\r\n"},"FindUSD":{"runAfter":{"cmpTodayLocal":["Succeeded"]},"type":"OpenApiConnection","inputs":{"parameters":{"bcenvironment":"TESTENVIRONMENT","company":"69a4bf5f-b92b-f011-9af3-6045bdac934e","dataset":"v2.0","table":"currencyExchangeRates","$filter":"currencyCode eq 'USD'","$orderby":"startingDate desc","$top":1},"host":{"apiId":"/providers/Microsoft.PowerApps/apis/shared_dynamicssmbsaas","connectionName":"shared_dynamicssmbsaas","operationId":"GetItemsV3"},"authentication":"@parameters('$authentication')"}},"Condition(ExistingTodayRate)":{"actions":{"Update_record_(V3)":{"type":"OpenApiConnection","inputs":{"parameters":{"bcenvironment":"TESTENVIRONMENT","company":"69a4bf5f-b92b-f011-9af3-6045bdac934e","dataset":"joe/currencyExchange/v2.0","table":"currencyExchangeRates","id":"@first(body('FindUSD')?['value'])?['id']\r\n","item/exchangeRateAmount":1,"item/relationalExchRateAmount":"@outputs('Compose(GetRateFromParseJSON)')","item/adjustmentExchangeRateAmount":1,"item/relationalAdjmtExchRateAmt":"@outputs('Compose(GetRateFromParseJSON)')"},"host":{"apiId":"/providers/Microsoft.PowerApps/apis/shared_dynamicssmbsaas","connectionName":"shared_dynamicssmbsaas","operationId":"PatchItemV3"},"authentication":"@parameters('$authentication')"}}},"runAfter":{"FindUSD":["Succeeded"]},"else":{"actions":{"Create_record_(V3)":{"type":"OpenApiConnection","inputs":{"parameters":{"bcenvironment":"TESTENVIRONMENT","company":"69a4bf5f-b92b-f011-9af3-6045bdac934e","dataset":"joe/CurrencyExchange/v2.0","table":"currencyExchangeRates","item/currencyCode":"USD","item/startingDate":"@formatDateTime(convertTimeZone(utcNow(),'UTC','Eastern Standard Time'),'yyyy-MM-dd')","item/exchangeRateAmount":1,"item/relationalExchRateAmount":"@outputs('Compose(GetRateFromParseJSON)')","item/adjustmentExchangeRateAmount":1,"item/relationalAdjmtExchRateAmt":"@outputs('Compose(GetRateFromParseJSON)')","item/fixExchangeRateAmount":"Currency"},"host":{"apiId":"/providers/Microsoft.PowerApps/apis/shared_dynamicssmbsaas","connectionName":"shared_dynamicssmbsaas","operationId":"PostItemV3"},"authentication":"@parameters('$authentication')"}}}},"expression":{"and":[{"equals":["@first(body('FindUSD')?['value'])?['startingDate']","@outputs('cmpTodayLocal')"]}]},"type":"If"}}},"connectionReferences":{"shared_dynamicssmbsaas":{"connectionName":"shared-dynamicssmbsa-30aeaaed-b281-402f-ab93-7c21e2fa9c4a","source":"Embedded","id":"/providers/Microsoft.PowerApps/apis/shared_dynamicssmbsaas","tier":"NotSpecified","apiName":"dynamicssmbsaas","isProcessSimpleApiReferenceConversionAlreadyDone":false}},"flowFailureAlertSubscribed":false,"isManaged":false}}